return_id,order_id,product_id,return_date,return_reason
1,43,93,2025-01-14,Not as described
2,46,54,2025-01-03,Changed mind
3,74,97,2025-01-07,Late delivery
4,81,190,2025-01-16,Late delivery
5,82,78,2025-01-08,Not as described
6,112,82,2025-01-10,Wrong size
7,171,191,2025-01-16,Late delivery
8,176,75,2025-01-15,Wrong size
9,213,107,2025-01-10,Not as described
10,231,25,2025-01-09,Late delivery
11,251,97,2025-01-20,Changed mind
12,259,80,2025-01-12,Not as described
13,264,127,2025-01-15,Wrong size
14,271,6,2025-01-13,Changed mind
15,275,127,2025-01-19,Late delivery
16,344,162,2025-01-11,Late delivery
17,347,177,2025-01-18,Changed mind
18,367,135,2025-01-12,Late delivery
19,389,147,2025-01-11,Damaged item
20,428,80,2025-01-23,Changed mind
21,507,160,2025-01-21,Not as described
22,526,153,2025-01-22,Damaged item
23,551,145,2025-01-17,Late delivery
24,552,111,2025-01-24,Changed mind
25,568,12,2025-01-27,Damaged item
26,598,193,2025-01-24,Not as described
27,606,123,2025-01-24,Not as described
28,652,7,2025-01-24,Not as described
29,684,151,2025-01-28,Damaged item
30,708,74,2025-01-23,Not as described
31,719,126,2025-01-19,Wrong size
32,771,45,2025-01-22,Damaged item
33,776,90,2025-01-26,Damaged item
34,778,161,2025-01-20,Changed mind
35,782,104,2025-01-24,Damaged item
36,820,2,2025-01-23,Late delivery
37,905,94,2025-01-23,Not as described
38,928,87,2025-01-25,Damaged item
39,975,105,2025-01-30,Late delivery
40,995,71,2025-01-28,Damaged item
41,1015,182,2025-02-05,Not as described
42,1019,100,2025-01-27,Late delivery
43,1024,167,2025-01-26,Wrong size
44,1071,169,2025-02-01,Damaged item
45,1080,46,2025-02-01,Changed mind
46,1083,165,2025-02-06,Not as described
47,1122,29,2025-02-08,Changed mind
48,1124,195,2025-02-05,Late delivery
49,1147,53,2025-01-28,Late delivery
50,1173,75,2025-01-29,Changed mind
51,1197,198,2025-01-29,Not as described
52,1214,106,2025-02-05,Damaged item
53,1259,140,2025-02-03,Not as described
54,1316,40,2025-02-08,Wrong size
55,1321,166,2025-02-05,Not as described
56,1322,113,2025-02-07,Changed mind
57,1330,71,2025-02-11,Changed mind
58,1357,53,2025-02-06,Wrong size
59,1395,88,2025-02-11,Not as described
60,1436,70,2025-02-13,Changed mind
61,1438,131,2025-02-12,Changed mind
62,1447,169,2025-02-08,Wrong size
63,1453,200,2025-02-05,Changed mind
64,1456,107,2025-02-11,Changed mind
65,1466,56,2025-02-10,Wrong size
66,1497,58,2025-02-06,Late delivery
67,1527,43,2025-02-12,Late delivery
68,1559,163,2025-02-13,Not as described
69,1585,1,2025-02-10,Changed mind
70,1598,159,2025-02-09,Changed mind
71,1622,171,2025-02-20,Damaged item
72,1632,194,2025-02-12,Changed mind
73,1657,52,2025-02-19,Late delivery
74,1678,49,2025-02-12,Late delivery
75,1696,119,2025-02-10,Not as described
76,1714,178,2025-02-16,Wrong size
77,1719,167,2025-02-13,Late delivery
78,1741,73,2025-02-15,Late delivery
79,1783,167,2025-02-12,Late delivery
80,1843,180,2025-02-24,Changed mind
81,1846,200,2025-02-20,Wrong size
82,1851,24,2025-02-18,Damaged item
83,1858,23,2025-02-18,Changed mind
84,1871,80,2025-02-21,Changed mind
85,1909,174,2025-02-17,Changed mind
86,1957,6,2025-02-15,Changed mind
87,1970,153,2025-02-23,Damaged item
88,2000,152,2025-02-26,Changed mind
89,2020,172,2025-02-22,Wrong size
90,2032,71,2025-02-19,Changed mind
91,2052,151,2025-02-23,Changed mind
92,2079,153,2025-02-26,Changed mind
93,2110,183,2025-02-20,Changed mind
94,2169,177,2025-02-27,Changed mind
95,2198,83,2025-03-01,Late delivery
96,2207,4,2025-02-21,Changed mind
97,2235,84,2025-02-26,Changed mind
98,2253,43,2025-02-22,Changed mind
99,2269,93,2025-02-26,Not as described
100,2277,96,2025-03-06,Late delivery
101,2279,127,2025-02-28,Changed mind
102,2305,83,2025-02-27,Not as described
103,2346,83,2025-03-04,Wrong size
104,2372,21,2025-03-06,Damaged item
105,2375,3,2025-02-24,Changed mind
106,2403,54,2025-03-05,Late delivery
107,2411,3,2025-03-05,Damaged item
108,2417,65,2025-02-27,Not as described
109,2471,117,2025-03-01,Damaged item
110,2474,65,2025-02-27,Changed mind
111,2475,97,2025-03-10,Wrong size
112,2498,14,2025-03-05,Changed mind
113,2514,101,2025-03-09,Changed mind
114,2579,43,2025-03-01,Not as described
115,2610,192,2025-03-03,Wrong size
116,2695,31,2025-03-14,Damaged item
117,2778,120,2025-03-16,Changed mind
118,2787,83,2025-03-10,Damaged item
119,2896,28,2025-03-18,Changed mind
120,2915,81,2025-03-09,Not as described
121,2933,197,2025-03-08,Late delivery
122,2934,187,2025-03-20,Late delivery
123,2973,114,2025-03-10,Late delivery
124,3139,25,2025-03-19,Damaged item
125,3149,156,2025-03-15,Late delivery
126,3176,148,2025-03-23,Changed mind
127,3191,36,2025-03-15,Late delivery
128,3215,99,2025-03-22,Wrong size
129,3219,176,2025-03-26,Changed mind
130,3220,134,2025-03-26,Not as described
131,3223,140,2025-03-21,Changed mind
132,3230,189,2025-03-19,Wrong size
133,3260,186,2025-03-23,Wrong size
134,3276,88,2025-03-17,Damaged item
135,3290,90,2025-03-23,Changed mind
136,3293,39,2025-03-24,Not as described
137,3324,126,2025-03-24,Late delivery
138,3334,69,2025-03-23,Late delivery
139,3347,143,2025-03-17,Not as described
140,3389,161,2025-03-27,Late delivery
141,3390,103,2025-03-25,Wrong size
142,3435,196,2025-03-21,Late delivery
143,3461,177,2025-03-24,Late delivery
144,3470,179,2025-03-21,Wrong size
145,3498,14,2025-03-29,Wrong size
146,3518,47,2025-03-26,Not as described
147,3553,1,2025-03-28,Damaged item
148,3581,49,2025-03-30,Changed mind
149,3627,165,2025-03-27,Not as described
150,3656,123,2025-04-02,Late delivery
151,3696,199,2025-03-29,Damaged item
152,3708,92,2025-03-27,Wrong size
153,3710,198,2025-03-31,Late delivery
154,3721,83,2025-04-05,Late delivery
155,3727,171,2025-03-25,Late delivery
156,3733,104,2025-03-24,Changed mind
157,3764,88,2025-04-06,Not as described
158,3766,79,2025-03-27,Not as described
159,3772,49,2025-04-01,Damaged item
160,3798,30,2025-03-27,Late delivery
161,3801,127,2025-03-26,Changed mind
162,3812,39,2025-03-28,Late delivery
163,3820,123,2025-03-29,Damaged item
164,3871,145,2025-03-27,Damaged item
165,3912,59,2025-04-07,Late delivery
166,3914,63,2025-04-08,Damaged item
167,3942,168,2025-03-31,Damaged item
168,3962,90,2025-04-01,Not as described
169,3991,43,2025-04-07,Wrong size
170,4021,84,2025-03-30,Not as described
171,4046,6,2025-04-02,Changed mind
172,4110,67,2025-04-06,Wrong size
173,4184,89,2025-04-05,Late delivery
174,4200,115,2025-04-03,Late delivery
175,4212,114,2025-04-06,Not as described
176,4290,172,2025-04-16,Damaged item
177,4299,157,2025-04-12,Wrong size
178,4308,92,2025-04-08,Late delivery
179,4316,97,2025-04-05,Damaged item
180,4324,89,2025-04-06,Late delivery
181,4367,55,2025-04-17,Late delivery
182,4411,58,2025-04-19,Wrong size
183,4415,190,2025-04-07,Wrong size
184,4493,55,2025-04-09,Late delivery
185,4548,163,2025-04-13,Not as described
186,4549,200,2025-04-12,Not as described
187,4551,164,2025-04-10,Wrong size
188,4561,117,2025-04-21,Changed mind
189,4567,78,2025-04-16,Damaged item
190,4583,88,2025-04-14,Late delivery
191,4601,22,2025-04-18,Not as described
192,4631,182,2025-04-23,Late delivery
193,4650,115,2025-04-12,Changed mind
194,4675,61,2025-04-17,Damaged item
195,4772,198,2025-04-17,Wrong size
196,4781,193,2025-04-23,Wrong size
197,4790,186,2025-04-18,Wrong size
198,4824,149,2025-04-16,Wrong size
199,4826,34,2025-04-20,Not as described
200,4864,198,2025-04-17,Not as described
201,4890,127,2025-04-28,Late delivery
202,4923,61,2025-04-26,Damaged item
203,4957,172,2025-04-26,Changed mind
204,4977,146,2025-04-25,Not as described
205,4992,196,2025-04-26,Late delivery
206,5000,59,2025-04-29,Changed mind
207,5006,29,2025-05-01,Wrong size
208,5044,17,2025-05-02,Late delivery
209,5073,127,2025-05-02,Damaged item
210,5080,82,2025-04-25,Changed mind
211,5082,12,2025-04-25,Wrong size
212,5083,85,2025-04-23,Late delivery
213,5108,123,2025-05-03,Late delivery
214,5114,112,2025-05-02,Late delivery
215,5145,80,2025-05-02,Not as described
216,5147,70,2025-04-30,Damaged item
217,5186,114,2025-04-30,Changed mind
218,5191,176,2025-04-30,Late delivery
219,5192,167,2025-04-29,Changed mind
220,5202,89,2025-04-26,Wrong size
221,5211,39,2025-05-03,Changed mind
222,5241,150,2025-04-25,Wrong size
223,5257,9,2025-04-26,Wrong size
224,5274,50,2025-05-06,Wrong size
225,5286,99,2025-05-04,Changed mind
226,5328,123,2025-05-01,Changed mind
227,5418,83,2025-04-28,Damaged item
228,5420,99,2025-04-27,Changed mind
229,5425,15,2025-05-09,Damaged item
230,5435,197,2025-05-03,Wrong size
231,5439,135,2025-05-08,Damaged item
232,5459,178,2025-05-03,Damaged item
233,5522,63,2025-05-03,Changed mind
234,5524,41,2025-05-07,Not as described
235,5578,42,2025-05-02,Late delivery
236,5584,12,2025-05-07,Changed mind
237,5617,7,2025-04-30,Late delivery
238,5625,178,2025-05-06,Wrong size
239,5658,18,2025-05-12,Late delivery
240,5677,146,2025-05-07,Changed mind
241,5708,53,2025-05-05,Wrong size
242,5719,65,2025-05-05,Changed mind
243,5733,60,2025-05-14,Changed mind
244,5757,185,2025-05-07,Late delivery
245,5762,13,2025-05-15,Not as described
246,5787,120,2025-05-11,Late delivery
247,5801,22,2025-05-16,Not as described
248,5854,70,2025-05-10,Wrong size
249,5873,181,2025-05-06,Wrong size
250,5953,148,2025-05-17,Damaged item
251,5972,24,2025-05-14,Late delivery
252,5973,52,2025-05-16,Not as described
253,5983,78,2025-05-16,Not as described
254,5987,125,2025-05-14,Late delivery
255,6008,105,2025-05-15,Changed mind
256,6066,185,2025-05-19,Not as described
257,6085,159,2025-05-09,Not as described
258,6113,98,2025-05-21,Wrong size
259,6160,36,2025-05-17,Wrong size
260,6162,13,2025-05-21,Not as described
261,6188,96,2025-05-22,Damaged item
262,6204,140,2025-05-24,Not as described
263,6207,153,2025-05-21,Late delivery
264,6208,7,2025-05-21,Changed mind
265,6211,39,2025-05-16,Not as described
266,6217,98,2025-05-18,Late delivery
267,6253,56,2025-05-22,Wrong size
268,6287,64,2025-05-19,Not as described
269,6337,186,2025-05-25,Changed mind
270,6368,57,2025-05-22,Changed mind
271,6373,176,2025-05-20,Wrong size
272,6378,130,2025-05-20,Late delivery
273,6420,68,2025-05-19,Damaged item
274,6435,20,2025-05-24,Damaged item
275,6449,175,2025-05-21,Late delivery
276,6463,86,2025-05-22,Wrong size
277,6500,108,2025-05-20,Changed mind
278,6514,29,2025-05-30,Changed mind
279,6569,103,2025-05-30,Damaged item
280,6596,136,2025-05-27,Wrong size
281,6598,164,2025-05-23,Not as described
282,6652,70,2025-05-25,Damaged item
283,6658,69,2025-05-26,Damaged item
284,6699,147,2025-05-23,Changed mind
285,6809,101,2025-05-31,Changed mind
286,6922,159,2025-06-03,Changed mind
287,6961,177,2025-05-27,Late delivery
288,6976,4,2025-06-02,Late delivery
289,6986,115,2025-06-03,Late delivery
290,6994,90,2025-06-01,Not as described
291,7039,31,2025-05-31,Not as described
292,7088,108,2025-06-09,Late delivery
293,7119,83,2025-06-05,Not as described
294,7178,69,2025-06-08,Wrong size
295,7206,173,2025-06-08,Wrong size
296,7222,98,2025-06-01,Not as described
297,7233,70,2025-06-01,Not as described
298,7241,153,2025-06-12,Not as described
299,7244,116,2025-06-09,Damaged item
300,7293,68,2025-06-07,Not as described
301,7298,30,2025-06-02,Damaged item
302,7311,5,2025-06-05,Late delivery
303,7323,110,2025-06-12,Damaged item
304,7328,36,2025-06-05,Late delivery
305,7338,101,2025-06-08,Not as described
306,7340,31,2025-06-06,Wrong size
307,7345,4,2025-06-12,Late delivery
308,7357,172,2025-06-13,Wrong size
309,7371,44,2025-06-06,Wrong size
310,7374,15,2025-06-13,Late delivery
311,7375,44,2025-06-13,Damaged item
312,7387,114,2025-06-04,Not as described
313,7393,147,2025-06-08,Damaged item
314,7448,38,2025-06-09,Not as described
315,7496,180,2025-06-14,Not as described
316,7510,11,2025-06-13,Changed mind
317,7543,156,2025-06-09,Late delivery
318,7564,150,2025-06-13,Damaged item
319,7569,54,2025-06-13,Late delivery
320,7600,187,2025-06-16,Not as described
321,7603,194,2025-06-12,Late delivery
322,7604,3,2025-06-17,Late delivery
323,7649,145,2025-06-15,Damaged item
324,7662,86,2025-06-14,Damaged item
325,7704,113,2025-06-09,Not as described
326,7722,119,2025-06-15,Changed mind
327,7744,75,2025-06-15,Changed mind
328,7772,15,2025-06-12,Damaged item
329,7786,69,2025-06-19,Changed mind
330,7802,88,2025-06-20,Changed mind
331,7813,42,2025-06-14,Changed mind
332,7831,13,2025-06-16,Not as described
333,7834,88,2025-06-13,Changed mind
334,7868,182,2025-06-18,Late delivery
335,7872,3,2025-06-19,Damaged item
336,7881,42,2025-06-14,Damaged item
337,7997,105,2025-06-23,Wrong size
338,8015,7,2025-06-19,Wrong size
339,8022,167,2025-06-24,Changed mind
340,8049,193,2025-06-22,Late delivery
341,8054,68,2025-06-19,Not as described
342,8056,5,2025-06-22,Late delivery
343,8134,42,2025-06-23,Not as described
344,8154,46,2025-06-18,Wrong size
345,8156,109,2025-06-20,Wrong size
346,8181,51,2025-06-28,Late delivery
347,8200,94,2025-06-26,Not as described
348,8278,60,2025-06-28,Damaged item
349,8279,198,2025-06-19,Damaged item
350,8297,69,2025-06-23,Wrong size
351,8308,15,2025-06-22,Damaged item
352,8319,77,2025-06-20,Not as described
353,8323,117,2025-06-26,Changed mind
354,8364,47,2025-06-26,Damaged item
355,8365,164,2025-06-25,Damaged item
356,8381,86,2025-06-30,Damaged item
357,8382,102,2025-06-28,Not as described
358,8397,132,2025-06-28,Wrong size
359,8474,196,2025-06-30,Not as described
360,8528,69,2025-07-01,Not as described
361,8540,165,2025-06-23,Damaged item
362,8555,193,2025-06-29,Wrong size
363,8588,44,2025-06-24,Late delivery
364,8590,61,2025-07-05,Late delivery
365,8640,16,2025-07-07,Wrong size
366,8660,59,2025-07-05,Late delivery
367,8668,39,2025-07-01,Changed mind
368,8679,140,2025-07-06,Damaged item
369,8684,65,2025-06-30,Wrong size
370,8731,157,2025-06-30,Damaged item
371,8732,113,2025-06-26,Wrong size
372,8787,63,2025-06-28,Damaged item
373,8788,64,2025-07-07,Damaged item
374,8796,9,2025-06-30,Changed mind
375,8803,47,2025-07-09,Changed mind
376,8845,178,2025-07-07,Changed mind
377,8849,140,2025-07-04,Not as described
378,8871,198,2025-07-09,Late delivery
379,8913,176,2025-07-10,Changed mind
380,8916,97,2025-06-30,Changed mind
381,8940,98,2025-07-12,Wrong size
382,8953,200,2025-07-01,Damaged item
383,9031,53,2025-07-07,Changed mind
384,9040,16,2025-07-09,Late delivery
385,9065,173,2025-07-13,Late delivery
386,9066,26,2025-07-07,Late delivery
387,9071,30,2025-07-09,Wrong size
388,9108,60,2025-07-10,Changed mind
389,9134,132,2025-07-14,Not as described
390,9138,63,2025-07-04,Late delivery
391,9157,141,2025-07-12,Late delivery
392,9161,192,2025-07-16,Damaged item
393,9164,64,2025-07-14,Late delivery
394,9190,150,2025-07-11,Late delivery
395,9233,99,2025-07-07,Wrong size
396,9248,10,2025-07-15,Wrong size
397,9282,132,2025-07-08,Changed mind
398,9289,26,2025-07-09,Wrong size
399,9302,41,2025-07-11,Damaged item
400,9313,94,2025-07-12,Changed mind
401,9323,58,2025-07-08,Changed mind
402,9340,118,2025-07-08,Not as described
403,9357,162,2025-07-08,Late delivery
404,9423,70,2025-07-16,Damaged item
405,9437,82,2025-07-15,Damaged item
406,9453,158,2025-07-10,Late delivery
407,9473,92,2025-07-20,Changed mind
408,9505,121,2025-07-11,Wrong size
409,9519,79,2025-07-17,Wrong size
410,9529,200,2025-07-17,Wrong size
411,9603,19,2025-07-23,Changed mind
412,9637,191,2025-07-14,Wrong size
413,9673,31,2025-07-21,Not as described
414,9696,174,2025-07-20,Changed mind
415,9717,3,2025-07-21,Damaged item
416,9718,15,2025-07-16,Not as described
417,9746,179,2025-07-25,Wrong size
418,9774,142,2025-07-24,Changed mind
419,9778,31,2025-07-26,Damaged item
420,9781,106,2025-07-21,Damaged item
421,9783,135,2025-07-22,Wrong size
422,9787,55,2025-07-24,Changed mind
423,9810,170,2025-07-23,Damaged item
424,9811,151,2025-07-15,Not as described
425,9835,181,2025-07-26,Late delivery
426,9870,102,2025-07-24,Damaged item
427,9882,118,2025-07-28,Late delivery
428,9901,164,2025-07-27,Changed mind
429,9917,68,2025-07-26,Changed mind
430,9925,120,2025-07-22,Late delivery
431,9955,147,2025-07-24,Late delivery
432,9956,91,2025-07-22,Late delivery
433,9969,39,2025-07-27,Wrong size
434,10019,111,2025-07-22,Late delivery
435,10028,148,2025-07-23,Changed mind
436,10038,101,2025-07-21,Wrong size
437,10096,118,2025-07-25,Changed mind
438,10131,82,2025-07-21,Late delivery
439,10161,178,2025-08-02,Late delivery
440,10166,167,2025-07-22,Damaged item
441,10189,28,2025-07-28,Wrong size
442,10204,182,2025-07-31,Damaged item
443,10263,46,2025-07-24,Changed mind
444,10265,80,2025-07-23,Not as described
445,10328,142,2025-08-01,Late delivery
446,10349,145,2025-08-03,Changed mind
447,10392,185,2025-07-25,Changed mind
448,10394,68,2025-07-29,Late delivery
449,10452,122,2025-08-07,Late delivery
450,10458,31,2025-07-28,Wrong size
451,10537,49,2025-08-05,Late delivery
452,10549,191,2025-08-09,Changed mind
453,10556,128,2025-08-08,Late delivery
454,10567,32,2025-08-09,Changed mind
455,10603,5,2025-08-09,Damaged item
456,10606,51,2025-08-05,Late delivery
457,10649,145,2025-08-01,Changed mind
458,10670,38,2025-08-03,Damaged item
459,10674,64,2025-07-30,Damaged item
460,10694,73,2025-07-31,Late delivery
461,10714,97,2025-08-03,Changed mind
462,10743,197,2025-07-30,Not as described
463,10744,52,2025-07-31,Not as described
464,10817,59,2025-08-09,Changed mind
465,10833,101,2025-08-09,Damaged item
466,10840,59,2025-08-03,Not as described
467,10883,77,2025-08-04,Changed mind
468,10887,115,2025-08-03,Not as described
469,10908,162,2025-08-13,Wrong size
470,10954,18,2025-08-13,Damaged item
471,10996,32,2025-08-04,Changed mind
472,11026,93,2025-08-15,Damaged item
473,11058,74,2025-08-08,Damaged item
474,11070,80,2025-08-15,Not as described
475,11071,72,2025-08-05,Damaged item
476,11078,156,2025-08-11,Late delivery
477,11154,112,2025-08-07,Not as described
478,11157,71,2025-08-08,Damaged item
479,11169,11,2025-08-12,Late delivery
480,11192,103,2025-08-08,Not as described
481,11235,37,2025-08-09,Not as described
482,11241,134,2025-08-17,Changed mind
483,11278,135,2025-08-11,Damaged item
484,11286,84,2025-08-12,Not as described
485,11298,133,2025-08-16,Wrong size
486,11315,119,2025-08-21,Changed mind
487,11322,28,2025-08-21,Damaged item
488,11329,119,2025-08-15,Late delivery
489,11330,153,2025-08-09,Not as described
490,11363,188,2025-08-22,Changed mind
491,11369,104,2025-08-19,Changed mind
492,11389,123,2025-08-12,Changed mind
493,11396,133,2025-08-21,Not as described
494,11423,112,2025-08-15,Damaged item
495,11426,114,2025-08-22,Wrong size
496,11437,42,2025-08-14,Changed mind
497,11438,96,2025-08-11,Late delivery
498,11439,169,2025-08-14,Late delivery
499,11443,133,2025-08-18,Late delivery
500,11452,10,2025-08-20,Damaged item
501,11480,141,2025-08-23,Wrong size
502,11484,169,2025-08-24,Wrong size
503,11489,110,2025-08-19,Changed mind
504,11521,83,2025-08-22,Wrong size
505,11524,100,2025-08-19,Changed mind
506,11547,130,2025-08-20,Wrong size
507,11566,126,2025-08-15,Late delivery
508,11572,127,2025-08-23,Late delivery
509,11581,31,2025-08-15,Damaged item
510,11611,192,2025-08-22,Late delivery
511,11614,200,2025-08-23,Not as described
512,11617,51,2025-08-22,Late delivery
513,11622,187,2025-08-19,Damaged item
514,11647,116,2025-08-15,Not as described
515,11653,147,2025-08-19,Damaged item
516,11673,70,2025-08-24,Late delivery
517,11687,143,2025-08-15,Wrong size
518,11699,97,2025-08-19,Changed mind
519,11714,15,2025-08-27,Late delivery
520,11744,141,2025-08-18,Damaged item
521,11765,110,2025-08-22,Wrong size
522,11817,199,2025-08-28,Damaged item
523,11857,73,2025-08-25,Wrong size
524,11866,174,2025-08-29,Wrong size
525,11914,157,2025-08-31,Damaged item
526,11953,9,2025-08-25,Not as described
527,11976,69,2025-08-31,Damaged item
528,11998,162,2025-08-26,Not as described
529,12011,177,2025-09-02,Wrong size
530,12021,2,2025-09-01,Changed mind
531,12026,11,2025-09-02,Changed mind
532,12035,98,2025-08-21,Late delivery
533,12040,127,2025-08-21,Not as described
534,12082,197,2025-08-26,Late delivery
535,12084,46,2025-09-02,Changed mind
536,12085,160,2025-08-25,Late delivery
537,12116,138,2025-09-02,Wrong size
538,12143,77,2025-09-01,Not as described
539,12192,10,2025-08-28,Wrong size
540,12197,111,2025-08-26,Wrong size
541,12218,189,2025-08-30,Late delivery
542,12232,172,2025-08-30,Damaged item
543,12237,146,2025-09-01,Changed mind
544,12238,71,2025-08-26,Changed mind
545,12242,172,2025-09-02,Changed mind
546,12308,91,2025-08-31,Late delivery
547,12415,168,2025-09-03,Late delivery
548,12416,38,2025-09-05,Not as described
549,12425,148,2025-09-01,Damaged item
550,12433,132,2025-09-07,Changed mind
551,12442,58,2025-09-05,Not as described
552,12443,123,2025-09-07,Late delivery
553,12454,191,2025-08-28,Wrong size
554,12468,21,2025-09-05,Not as described
555,12514,199,2025-09-09,Late delivery
556,12561,92,2025-09-09,Changed mind
557,12578,101,2025-08-30,Changed mind
558,12589,88,2025-09-07,Late delivery
559,12597,96,2025-09-01,Not as described
560,12606,66,2025-09-06,Changed mind
561,12626,132,2025-09-11,Late delivery
562,12635,10,2025-09-07,Changed mind
563,12648,156,2025-09-10,Damaged item
564,12652,25,2025-09-02,Changed mind
565,12654,26,2025-09-05,Damaged item
566,12657,105,2025-09-02,Not as described
567,12779,30,2025-09-08,Late delivery
568,12820,33,2025-09-08,Late delivery
569,12849,16,2025-09-08,Late delivery
570,12903,147,2025-09-07,Damaged item
571,12908,45,2025-09-09,Damaged item
572,12916,5,2025-09-10,Wrong size
573,12943,78,2025-09-12,Damaged item
574,12966,187,2025-09-07,Not as described
575,12970,18,2025-09-10,Late delivery
576,12974,81,2025-09-08,Not as described
577,12984,7,2025-09-10,Wrong size
578,13003,55,2025-09-18,Wrong size
579,13019,89,2025-09-16,Late delivery
580,13022,7,2025-09-09,Changed mind
581,13037,90,2025-09-12,Not as described
582,13098,105,2025-09-08,Late delivery
583,13115,82,2025-09-16,Damaged item
584,13151,132,2025-09-12,Late delivery
585,13190,85,2025-09-20,Not as described
586,13193,7,2025-09-16,Late delivery
587,13199,115,2025-09-11,Late delivery
588,13212,162,2025-09-21,Changed mind
589,13227,100,2025-09-14,Changed mind
590,13254,172,2025-09-14,Not as described
591,13296,156,2025-09-22,Wrong size
592,13306,79,2025-09-20,Not as described
593,13312,87,2025-09-13,Changed mind
594,13318,120,2025-09-21,Not as described
595,13326,13,2025-09-17,Damaged item
596,13370,20,2025-09-14,Damaged item
597,13429,2,2025-09-16,Changed mind
598,13432,137,2025-09-19,Not as described
599,13441,72,2025-09-25,Not as described
600,13446,78,2025-09-15,Wrong size
601,13464,164,2025-09-16,Late delivery
602,13471,17,2025-09-26,Not as described
603,13511,21,2025-09-19,Wrong size
604,13526,4,2025-09-21,Wrong size
605,13596,124,2025-09-18,Late delivery
606,13645,65,2025-09-27,Damaged item
607,13648,138,2025-09-17,Damaged item
608,13658,56,2025-09-17,Wrong size
609,13663,50,2025-09-19,Changed mind
610,13681,2,2025-09-18,Not as described
611,13688,87,2025-09-26,Changed mind
612,13696,33,2025-09-22,Not as described
613,13706,87,2025-09-21,Changed mind
614,13720,140,2025-09-23,Late delivery
615,13726,189,2025-09-22,Late delivery
616,13757,2,2025-09-30,Changed mind
617,13792,31,2025-09-19,Damaged item
618,13868,102,2025-09-24,Damaged item
619,13924,80,2025-10-01,Damaged item
620,13933,177,2025-09-21,Damaged item
621,13936,149,2025-10-01,Damaged item
622,13948,116,2025-09-25,Wrong size
623,13979,105,2025-10-04,Changed mind
624,13994,52,2025-09-27,Late delivery
625,13997,143,2025-09-26,Damaged item
626,14024,46,2025-09-29,Damaged item
627,14056,165,2025-09-24,Changed mind
628,14091,37,2025-10-01,Not as described
629,14105,176,2025-09-27,Damaged item
630,14122,145,2025-10-04,Late delivery
631,14172,115,2025-09-28,Damaged item
632,14192,131,2025-10-05,Changed mind
633,14215,72,2025-09-28,Wrong size
634,14277,5,2025-09-28,Late delivery
635,14316,130,2025-09-30,Changed mind
636,14384,126,2025-09-28,Damaged item
637,14390,147,2025-10-09,Damaged item
638,14395,20,2025-10-05,Not as described
639,14398,29,2025-09-29,Late delivery
640,14437,200,2025-10-04,Late delivery
641,14449,178,2025-09-29,Damaged item
642,14519,159,2025-10-06,Not as described
643,14523,165,2025-10-12,Damaged item
644,14536,56,2025-10-11,Changed mind
645,14580,22,2025-10-09,Wrong size
646,14581,9,2025-09-30,Late delivery
647,14589,148,2025-10-02,Damaged item
648,14593,165,2025-10-05,Not as described
649,14597,116,2025-10-02,Late delivery
650,14605,34,2025-10-01,Not as described
651,14647,182,2025-10-12,Damaged item
652,14659,93,2025-10-03,Damaged item
653,14673,82,2025-10-14,Damaged item
654,14691,52,2025-10-05,Changed mind
655,14695,70,2025-10-05,Damaged item
656,14700,62,2025-10-12,Late delivery
657,14716,83,2025-10-12,Not as described
658,14752,2,2025-10-10,Changed mind
659,14757,155,2025-10-12,Wrong size
660,14813,114,2025-10-15,Wrong size
661,14826,23,2025-10-12,Damaged item
662,14871,2,2025-10-06,Late delivery
663,14914,83,2025-10-16,Changed mind
664,14916,136,2025-10-07,Damaged item
665,14937,82,2025-10-10,Late delivery
666,14945,106,2025-10-13,Not as described
667,14958,122,2025-10-14,Wrong size
668,14968,188,2025-10-16,Changed mind
669,14973,17,2025-10-07,Damaged item
670,14992,103,2025-10-18,Damaged item
671,15050,93,2025-10-16,Not as described
672,15053,97,2025-10-09,Late delivery
673,15068,153,2025-10-13,Late delivery
674,15074,74,2025-10-11,Late delivery
675,15089,143,2025-10-08,Not as described
676,15124,159,2025-10-09,Not as described
677,15126,23,2025-10-19,Changed mind
678,15160,156,2025-10-16,Late delivery
679,15164,144,2025-10-20,Wrong size
680,15183,78,2025-10-09,Damaged item
681,15186,176,2025-10-21,Not as described
682,15210,139,2025-10-19,Damaged item
683,15227,89,2025-10-15,Not as described
684,15242,17,2025-10-17,Damaged item
685,15257,39,2025-10-14,Damaged item
686,15308,80,2025-10-19,Damaged item
687,15311,79,2025-10-19,Wrong size
688,15415,96,2025-10-19,Late delivery
689,15417,23,2025-10-15,Late delivery
690,15419,198,2025-10-24,Late delivery
691,15438,105,2025-10-14,Late delivery
692,15451,26,2025-10-25,Late delivery
693,15454,22,2025-10-13,Not as described
694,15474,144,2025-10-24,Changed mind
695,15518,134,2025-10-15,Late delivery
696,15530,118,2025-10-25,Changed mind
697,15542,70,2025-10-26,Wrong size
698,15553,115,2025-10-24,Not as described
699,15559,159,2025-10-18,Not as described
700,15567,131,2025-10-25,Not as described
701,15574,74,2025-10-26,Damaged item
702,15580,15,2025-10-21,Damaged item
703,15614,171,2025-10-23,Damaged item
704,15634,96,2025-10-22,Not as described
705,15663,132,2025-10-28,Wrong size
706,15678,39,2025-10-25,Wrong size
707,15696,47,2025-10-27,Late delivery
708,15701,190,2025-10-19,Wrong size
709,15704,159,2025-10-28,Damaged item
710,15715,190,2025-10-28,Wrong size
711,15716,34,2025-10-26,Not as described
712,15717,145,2025-10-27,Late delivery
713,15721,13,2025-10-22,Late delivery
714,15760,32,2025-10-30,Changed mind
715,15778,191,2025-10-22,Damaged item
716,15849,77,2025-10-21,Changed mind
717,15850,88,2025-10-26,Wrong size
718,15916,132,2025-10-24,Not as described
719,15921,180,2025-10-31,Not as described
720,15935,2,2025-10-22,Changed mind
721,15938,110,2025-10-24,Not as described
722,15960,30,2025-10-23,Changed mind
723,16015,21,2025-10-26,Late delivery
724,16030,45,2025-10-31,Not as described
725,16075,66,2025-11-02,Changed mind
726,16103,185,2025-10-31,Changed mind
727,16130,44,2025-10-29,Damaged item
728,16162,102,2025-11-03,Damaged item
729,16165,166,2025-11-01,Late delivery
730,16275,4,2025-11-06,Changed mind
731,16297,119,2025-11-06,Damaged item
732,16302,9,2025-11-01,Changed mind
733,16325,114,2025-10-27,Damaged item
734,16362,200,2025-11-02,Wrong size
735,16371,108,2025-11-06,Changed mind
736,16448,2,2025-10-30,Changed mind
737,16453,51,2025-11-04,Wrong size
738,16480,175,2025-10-29,Changed mind
739,16527,134,2025-10-30,Late delivery
740,16539,192,2025-11-02,Changed mind
741,16550,65,2025-11-03,Wrong size
742,16560,56,2025-10-30,Damaged item
743,16582,15,2025-11-12,Not as described
744,16620,136,2025-11-05,Wrong size
745,16632,16,2025-11-01,Damaged item
746,16644,130,2025-11-10,Damaged item
747,16669,100,2025-11-09,Wrong size
748,16686,16,2025-11-13,Late delivery
749,16693,27,2025-11-07,Late delivery
750,16703,120,2025-11-11,Damaged item
751,16715,102,2025-11-05,Late delivery
752,16744,16,2025-11-04,Damaged item
753,16747,67,2025-11-12,Wrong size
754,16758,178,2025-11-11,Late delivery
755,16772,129,2025-11-04,Damaged item
756,16781,81,2025-11-05,Late delivery
757,16790,136,2025-11-14,Not as described
758,16809,53,2025-11-06,Damaged item
759,16876,153,2025-11-14,Damaged item
760,16899,76,2025-11-15,Not as described
761,16903,32,2025-11-10,Changed mind
762,16917,114,2025-11-10,Not as described
763,16947,119,2025-11-14,Changed mind
764,16973,58,2025-11-15,Wrong size
765,16984,83,2025-11-11,Not as described
766,17021,195,2025-11-12,Damaged item
767,17034,145,2025-11-10,Changed mind
768,17090,70,2025-11-19,Changed mind
769,17100,137,2025-11-10,Damaged item
770,17109,139,2025-11-14,Wrong size
771,17116,191,2025-11-14,Changed mind
772,17224,62,2025-11-15,Late delivery
773,17291,142,2025-11-18,Late delivery
774,17362,199,2025-11-12,Damaged item
775,17402,171,2025-11-19,Damaged item
776,17449,57,2025-11-20,Changed mind
777,17464,35,2025-11-25,Damaged item
778,17478,118,2025-11-15,Changed mind
779,17479,70,2025-11-23,Changed mind
780,17535,182,2025-11-26,Late delivery
781,17548,68,2025-11-21,Wrong size
782,17556,139,2025-11-17,Changed mind
783,17560,163,2025-11-23,Damaged item
784,17568,173,2025-11-15,Wrong size
785,17571,33,2025-11-14,Wrong size
786,17630,157,2025-11-27,Not as described
787,17633,157,2025-11-23,Late delivery
788,17647,78,2025-11-18,Damaged item
789,17694,163,2025-11-22,Damaged item
790,17713,14,2025-11-22,Not as described
791,17736,76,2025-11-26,Changed mind
792,17823,92,2025-11-19,Wrong size
793,17824,108,2025-11-22,Changed mind
794,17852,131,2025-11-30,Damaged item
795,17867,179,2025-11-22,Late delivery
796,17892,160,2025-11-23,Wrong size
797,17911,133,2025-11-23,Changed mind
798,17916,61,2025-11-30,Late delivery
799,17920,190,2025-11-25,Wrong size
800,17973,71,2025-11-28,Damaged item
801,17978,47,2025-11-22,Wrong size
802,17995,167,2025-11-24,Changed mind
803,18024,119,2025-12-01,Changed mind
804,18071,104,2025-11-22,Damaged item
805,18097,40,2025-12-03,Wrong size
806,18105,58,2025-12-01,Wrong size
807,18109,131,2025-12-02,Not as described
808,18134,198,2025-11-29,Wrong size
809,18194,117,2025-11-27,Wrong size
810,18202,137,2025-12-04,Late delivery
811,18223,31,2025-11-29,Wrong size
812,18225,21,2025-12-05,Damaged item
813,18262,16,2025-11-30,Changed mind
814,18287,44,2025-12-02,Changed mind
815,18291,155,2025-12-04,Changed mind
816,18311,85,2025-11-25,Damaged item
817,18317,65,2025-12-02,Changed mind
818,18320,106,2025-12-02,Not as described
819,18324,99,2025-12-06,Damaged item
820,18346,2,2025-12-05,Wrong size
821,18350,144,2025-11-26,Damaged item
822,18358,179,2025-11-25,Not as described
823,18434,2,2025-12-06,Not as described
824,18494,39,2025-12-09,Late delivery
825,18496,6,2025-12-04,Damaged item
826,18497,37,2025-12-08,Not as described
827,18569,154,2025-12-07,Not as described
828,18574,41,2025-12-05,Late delivery
829,18581,165,2025-12-08,Not as described
830,18631,20,2025-12-03,Wrong size
831,18640,93,2025-11-29,Wrong size
832,18642,123,2025-11-30,Damaged item
833,18643,14,2025-11-30,Late delivery
834,18644,127,2025-12-07,Late delivery
835,18682,12,2025-12-11,Late delivery
836,18705,158,2025-12-06,Changed mind
837,18717,169,2025-12-06,Wrong size
838,18738,199,2025-12-10,Wrong size
839,18741,1,2025-12-07,Late delivery
840,18745,86,2025-12-12,Late delivery
841,18752,141,2025-12-07,Wrong size
842,18971,65,2025-12-08,Damaged item
843,18983,134,2025-12-14,Not as described
844,19028,105,2025-12-13,Wrong size
845,19044,150,2025-12-05,Damaged item
846,19065,194,2025-12-10,Late delivery
847,19070,30,2025-12-06,Not as described
848,19114,120,2025-12-09,Late delivery
849,19152,102,2025-12-13,Wrong size
850,19167,169,2025-12-13,Not as described
851,19168,91,2025-12-18,Changed mind
852,19181,87,2025-12-13,Wrong size
853,19227,141,2025-12-13,Damaged item
854,19238,189,2025-12-12,Not as described
855,19297,191,2025-12-09,Late delivery
856,19298,23,2025-12-20,Wrong size
857,19308,29,2025-12-13,Changed mind
858,19336,128,2025-12-16,Not as described
859,19342,44,2025-12-18,Not as described
860,19355,13,2025-12-21,Damaged item
861,19373,150,2025-12-10,Damaged item
862,19374,169,2025-12-15,Not as described
863,19388,74,2025-12-14,Damaged item
864,19393,5,2025-12-18,Wrong size
865,19396,1,2025-12-20,Damaged item
866,19407,67,2025-12-19,Damaged item
867,19423,193,2025-12-14,Changed mind
868,19434,24,2025-12-18,Wrong size
869,19437,104,2025-12-12,Damaged item
870,19449,175,2025-12-19,Damaged item
871,19458,142,2025-12-17,Changed mind
872,19467,66,2025-12-12,Changed mind
873,19473,85,2025-12-17,Wrong size
874,19485,68,2025-12-16,Changed mind
875,19490,5,2025-12-15,Late delivery
876,19491,90,2025-12-15,Late delivery
877,19517,42,2025-12-16,Changed mind
878,19530,164,2025-12-24,Late delivery
879,19554,68,2025-12-12,Damaged item
880,19558,166,2025-12-17,Late delivery
881,19593,111,2025-12-21,Wrong size
882,19599,22,2025-12-14,Wrong size
883,19609,196,2025-12-23,Changed mind
884,19641,50,2025-12-14,Not as described
885,19670,176,2025-12-21,Wrong size
886,19683,179,2025-12-17,Late delivery
887,19694,101,2025-12-17,Damaged item
888,19719,47,2025-12-19,Damaged item
889,19732,69,2025-12-20,Not as described
890,19748,194,2025-12-18,Late delivery
891,19768,101,2025-12-27,Not as described
892,19790,191,2025-12-15,Not as described
893,19809,144,2025-12-27,Wrong size
894,19821,83,2025-12-23,Wrong size
895,19827,70,2025-12-27,Wrong size
896,19842,61,2025-12-16,Not as described
897,19931,127,2025-12-23,Wrong size
898,19935,126,2025-12-25,Wrong size
899,19941,64,2025-12-25,Not as described
900,19984,65,2025-12-21,Late delivery
901,20013,139,2025-12-29,Wrong size
902,20048,34,2025-12-22,Wrong size
903,20072,19,2025-12-27,Not as described
904,20074,24,2025-12-27,Changed mind
905,20106,80,2025-12-29,Wrong size
906,20123,28,2026-01-01,Wrong size
907,20128,69,2025-12-23,Changed mind
908,20172,180,2025-12-25,Changed mind
909,20188,13,2026-01-02,Wrong size
910,20205,147,2025-12-28,Changed mind
911,20210,186,2025-12-25,Wrong size
912,20240,98,2026-01-01,Changed mind
913,20267,179,2025-12-24,Damaged item
914,20278,16,2025-12-23,Not as described
915,20302,39,2025-12-24,Not as described
916,20339,185,2026-01-03,Damaged item
917,20413,169,2026-01-01,Damaged item
918,20423,9,2026-01-05,Changed mind
919,20424,126,2025-12-31,Changed mind
920,20425,97,2025-12-29,Damaged item
921,20439,48,2025-12-31,Late delivery
922,20445,156,2026-01-02,Late delivery
923,20484,55,2025-12-28,Late delivery
924,20495,188,2026-01-04,Changed mind
925,20501,88,2026-01-01,Not as described
926,20520,182,2026-01-06,Not as described
927,20535,58,2025-12-28,Not as described
928,20551,12,2026-01-05,Not as described
929,20580,20,2026-01-07,Late delivery
930,20586,192,2026-01-06,Wrong size
931,20591,62,2026-01-07,Not as described
932,20597,65,2025-12-28,Late delivery
933,20619,86,2026-01-02,Late delivery
934,20633,193,2025-12-28,Wrong size
935,20642,124,2025-12-29,Late delivery
936,20671,70,2026-01-01,Changed mind
937,20674,174,2025-12-30,Wrong size
938,20699,110,2026-01-06,Wrong size
939,20710,170,2025-12-29,Wrong size
940,20717,6,2026-01-06,Changed mind
941,20749,177,2025-12-29,Wrong size
942,20753,88,2026-01-03,Wrong size
943,20786,42,2026-01-07,Wrong size
944,20787,45,2025-12-29,Late delivery
945,20798,169,2026-01-09,Not as described
946,20801,124,2026-01-02,Wrong size
947,20817,55,2026-01-08,Changed mind
948,20831,7,2026-01-01,Damaged item
949,20861,20,2026-01-06,Damaged item
950,20870,113,2026-01-06,Not as described
951,20887,172,2026-01-02,Damaged item
952,20914,195,2025-12-31,Damaged item
953,20924,16,2026-01-02,Changed mind
954,20925,94,2026-01-07,Not as described
955,20930,177,2026-01-07,Damaged item
956,20980,195,2026-01-06,Wrong size
957,20989,151,2026-01-03,Wrong size
958,20992,61,2026-01-05,Late delivery
959,21005,156,2026-01-01,Changed mind
960,21009,51,2026-01-02,Changed mind
961,21011,191,2026-01-08,Wrong size
962,21012,191,2026-01-03,Wrong size
963,21024,66,2026-01-13,Not as described
964,21079,172,2026-01-10,Changed mind
965,21101,125,2026-01-04,Not as described
966,21126,147,2026-01-11,Late delivery
967,21137,167,2026-01-10,Damaged item
968,21153,61,2026-01-09,Changed mind
969,21185,79,2026-01-13,Not as described
970,21221,194,2026-01-16,Wrong size
971,21224,132,2026-01-16,Late delivery
972,21262,26,2026-01-08,Changed mind
973,21263,20,2026-01-11,Late delivery
974,21280,6,2026-01-09,Damaged item
975,21294,198,2026-01-10,Damaged item
976,21330,145,2026-01-11,Not as described
977,21396,190,2026-01-19,Wrong size
978,21433,31,2026-01-15,Changed mind
979,21438,13,2026-01-19,Late delivery
980,21475,177,2026-01-19,Late delivery
981,21514,26,2026-01-13,Wrong size
982,21544,131,2026-01-18,Wrong size
983,21571,160,2026-01-12,Late delivery
984,21579,76,2026-01-20,Damaged item
985,21580,187,2026-01-17,Late delivery
986,21593,94,2026-01-22,Late delivery
987,21650,179,2026-01-22,Changed mind
988,21671,169,2026-01-23,Late delivery
989,21675,144,2026-01-13,Late delivery
990,21679,147,2026-01-21,Not as described
991,21689,158,2026-01-15,Wrong size
992,21740,148,2026-01-16,Wrong size
993,21745,150,2026-01-23,Late delivery
994,21810,91,2026-01-21,Wrong size
995,21845,8,2026-01-19,Wrong size
996,21887,69,2026-01-19,Damaged item
997,21927,182,2026-01-20,Damaged item
998,21945,110,2026-01-22,Damaged item
999,21992,188,2026-01-27,Late delivery
1000,22003,107,2026-01-20,Wrong size
1001,22023,46,2026-01-17,Wrong size
1002,22027,61,2026-01-27,Wrong size
1003,22047,79,2026-01-21,Changed mind
1004,22048,137,2026-01-23,Changed mind
1005,22050,114,2026-01-27,Damaged item
1006,22069,102,2026-01-27,Late delivery
1007,22073,107,2026-01-18,Changed mind
1008,22075,5,2026-01-26,Late delivery
1009,22147,4,2026-01-29,Late delivery
1010,22150,165,2026-01-19,Wrong size
1011,22160,65,2026-01-25,Changed mind
1012,22167,87,2026-01-28,Not as described
1013,22170,10,2026-01-22,Not as described
1014,22174,96,2026-01-19,Late delivery
1015,22180,45,2026-01-25,Wrong size
1016,22184,125,2026-01-18,Late delivery
1017,22250,19,2026-01-21,Damaged item
1018,22252,171,2026-01-23,Not as described
1019,22277,2,2026-01-29,Late delivery
1020,22279,191,2026-01-25,Changed mind
1021,22294,132,2026-01-21,Not as described
1022,22309,2,2026-01-25,Wrong size
1023,22343,25,2026-01-24,Not as described
1024,22380,88,2026-01-20,Wrong size
1025,22389,110,2026-01-24,Changed mind
1026,22397,148,2026-01-23,Wrong size
1027,22403,67,2026-01-27,Wrong size
1028,22434,112,2026-01-21,Changed mind
1029,22449,75,2026-02-02,Late delivery
1030,22457,74,2026-01-21,Late delivery
1031,22477,108,2026-01-23,Wrong size
1032,22482,156,2026-01-30,Not as described
1033,22488,130,2026-01-23,Changed mind
1034,22512,14,2026-02-02,Wrong size
1035,22559,25,2026-02-04,Late delivery
1036,22588,189,2026-01-28,Wrong size
1037,22624,119,2026-01-25,Changed mind
1038,22668,26,2026-01-28,Wrong size
1039,22679,128,2026-01-27,Late delivery
1040,22688,83,2026-01-31,Wrong size
1041,22702,77,2026-01-29,Late delivery
1042,22722,113,2026-01-31,Not as described
1043,22790,139,2026-01-31,Changed mind
1044,22816,7,2026-01-28,Not as described
1045,22859,185,2026-02-05,Changed mind
1046,22885,149,2026-01-30,Late delivery
1047,22908,177,2026-02-03,Wrong size
1048,22931,106,2026-02-01,Wrong size
1049,22948,179,2026-02-01,Changed mind
1050,22974,88,2026-02-08,Damaged item
1051,22987,133,2026-02-09,Damaged item
1052,22989,191,2026-02-07,Wrong size
1053,23000,42,2026-02-07,Not as described
1054,23025,97,2026-02-07,Late delivery
1055,23035,143,2026-02-02,Not as described
1056,23047,90,2026-01-30,Wrong size
1057,23077,37,2026-01-30,Not as described
1058,23098,173,2026-02-02,Wrong size
1059,23104,190,2026-01-31,Late delivery
1060,23108,153,2026-02-02,Changed mind
1061,23127,129,2026-02-09,Damaged item
1062,23152,105,2026-02-11,Late delivery
1063,23195,5,2026-02-10,Changed mind
1064,23224,9,2026-01-31,Late delivery
1065,23225,174,2026-02-12,Late delivery
1066,23246,149,2026-02-12,Wrong size
1067,23277,35,2026-02-08,Changed mind
1068,23285,99,2026-02-07,Damaged item
1069,23313,171,2026-02-14,Wrong size
1070,23320,13,2026-02-06,Late delivery
1071,23324,66,2026-02-12,Wrong size
1072,23333,179,2026-02-05,Wrong size
1073,23379,29,2026-02-08,Not as described
1074,23397,129,2026-02-05,Damaged item
1075,23401,166,2026-02-14,Wrong size
1076,23407,54,2026-02-11,Wrong size
1077,23408,53,2026-02-14,Late delivery
1078,23418,82,2026-02-04,Damaged item
1079,23452,135,2026-02-10,Wrong size
1080,23477,85,2026-02-14,Not as described
1081,23483,114,2026-02-07,Changed mind
1082,23501,93,2026-02-07,Not as described
1083,23502,11,2026-02-15,Damaged item
1084,23503,35,2026-02-07,Late delivery
1085,23507,34,2026-02-10,Not as described
1086,23524,68,2026-02-05,Damaged item
1087,23529,176,2026-02-09,Late delivery
1088,23549,102,2026-02-10,Damaged item
1089,23552,71,2026-02-11,Changed mind
1090,23557,77,2026-02-09,Wrong size
1091,23561,30,2026-02-04,Damaged item
1092,23601,150,2026-02-06,Damaged item
1093,23643,8,2026-02-14,Damaged item
1094,23651,175,2026-02-16,Wrong size
1095,23653,188,2026-02-11,Wrong size
1096,23657,52,2026-02-15,Not as described
1097,23696,164,2026-02-10,Damaged item
1098,23705,138,2026-02-06,Damaged item
1099,23748,61,2026-02-15,Wrong size
1100,23763,106,2026-02-14,Damaged item
1101,23771,87,2026-02-12,Wrong size
1102,23774,35,2026-02-08,Changed mind
1103,23780,48,2026-02-10,Changed mind
1104,23798,53,2026-02-12,Damaged item
1105,23815,175,2026-02-16,Late delivery
1106,23824,188,2026-02-17,Not as described
1107,23837,3,2026-02-08,Changed mind
1108,23846,112,2026-02-11,Damaged item
1109,23854,104,2026-02-08,Not as described
1110,23892,127,2026-02-18,Changed mind
1111,23894,37,2026-02-11,Damaged item
1112,23896,71,2026-02-16,Changed mind
1113,23912,13,2026-02-09,Late delivery
1114,23920,180,2026-02-17,Wrong size
1115,23923,43,2026-02-17,Wrong size
1116,23928,35,2026-02-14,Late delivery
1117,23950,114,2026-02-16,Late delivery
1118,23956,187,2026-02-18,Changed mind
1119,23963,115,2026-02-11,Not as described
1120,23964,107,2026-02-13,Not as described
1121,23975,40,2026-02-12,Changed mind
1122,23976,95,2026-02-21,Damaged item
1123,24005,134,2026-02-12,Late delivery
1124,24040,142,2026-02-20,Wrong size
1125,24105,55,2026-02-12,Damaged item
1126,24127,149,2026-02-21,Late delivery
1127,24130,184,2026-02-19,Wrong size
1128,24141,120,2026-02-23,Late delivery
1129,24154,120,2026-02-15,Damaged item
1130,24168,136,2026-02-23,Not as described
1131,24173,38,2026-02-23,Changed mind
1132,24267,36,2026-02-14,Changed mind
1133,24274,159,2026-02-23,Not as described
1134,24282,198,2026-02-26,Late delivery
1135,24292,32,2026-02-26,Late delivery
1136,24332,112,2026-02-27,Late delivery
1137,24337,169,2026-02-27,Changed mind
1138,24338,66,2026-02-15,Changed mind
1139,24348,124,2026-02-21,Not as described
1140,24352,19,2026-02-25,Late delivery
1141,24368,4,2026-02-23,Damaged item
1142,24385,200,2026-02-22,Wrong size
1143,24438,35,2026-02-27,Not as described
1144,24463,66,2026-02-23,Wrong size
1145,24480,151,2026-02-22,Damaged item
1146,24503,22,2026-02-23,Damaged item
1147,24524,143,2026-02-22,Damaged item
1148,24546,173,2026-02-19,Late delivery
1149,24569,48,2026-03-02,Late delivery
1150,24575,136,2026-02-25,Wrong size
1151,24602,169,2026-02-23,Changed mind
1152,24616,10,2026-02-26,Wrong size
1153,24654,64,2026-02-28,Not as described
1154,24669,68,2026-02-19,Wrong size
1155,24687,159,2026-03-02,Wrong size
1156,24692,24,2026-02-22,Wrong size
1157,24734,87,2026-03-04,Late delivery
1158,24743,118,2026-02-20,Wrong size
1159,24746,99,2026-02-27,Damaged item
1160,24823,173,2026-03-01,Late delivery
1161,24826,20,2026-03-01,Changed mind
1162,24832,178,2026-02-24,Changed mind
1163,24841,133,2026-02-27,Damaged item
1164,24846,20,2026-03-04,Wrong size
1165,24879,41,2026-02-26,Wrong size
1166,24884,114,2026-03-04,Not as described
1167,24903,50,2026-03-03,Changed mind
1168,24916,63,2026-03-01,Changed mind
1169,24944,81,2026-03-07,Damaged item
1170,24958,114,2026-02-24,Not as described
1171,24968,23,2026-03-03,Not as described
1172,24982,81,2026-03-03,Changed mind
1173,25029,198,2026-03-01,Damaged item
1174,25035,165,2026-03-01,Wrong size
1175,25044,194,2026-03-03,Wrong size
1176,25058,189,2026-03-08,Late delivery
1177,25094,135,2026-03-04,Not as described
1178,25119,139,2026-02-28,Damaged item
1179,25128,158,2026-02-26,Damaged item
1180,25165,10,2026-02-25,Not as described
1181,25169,109,2026-03-03,Not as described
1182,25184,62,2026-02-26,Damaged item
1183,25191,47,2026-03-10,Wrong size
1184,25219,33,2026-03-04,Not as described
1185,25225,84,2026-02-26,Wrong size
1186,25232,160,2026-03-02,Not as described
1187,25245,26,2026-03-03,Late delivery
1188,25269,22,2026-03-02,Damaged item
1189,25293,77,2026-03-04,Changed mind
1190,25363,195,2026-03-03,Wrong size
1191,25368,129,2026-03-08,Wrong size
1192,25387,185,2026-02-28,Damaged item
1193,25414,163,2026-03-05,Damaged item
1194,25458,188,2026-03-08,Not as described
1195,25480,151,2026-03-09,Not as described
1196,25484,195,2026-03-05,Not as described
1197,25493,148,2026-03-04,Wrong size
1198,25501,11,2026-03-08,Not as described
1199,25507,162,2026-03-12,Damaged item
1200,25510,39,2026-03-11,Wrong size
1201,25521,3,2026-03-14,Not as described
1202,25557,135,2026-03-13,Late delivery
1203,25562,24,2026-03-06,Damaged item
1204,25615,140,2026-03-15,Wrong size
1205,25630,77,2026-03-05,Damaged item
1206,25637,148,2026-03-11,Late delivery
1207,25643,50,2026-03-06,Late delivery
1208,25666,157,2026-03-10,Wrong size
1209,25675,97,2026-03-10,Damaged item
1210,25690,76,2026-03-04,Late delivery
1211,25711,141,2026-03-05,Not as described
1212,25718,7,2026-03-14,Not as described
1213,25792,127,2026-03-14,Changed mind
1214,25795,133,2026-03-07,Not as described
1215,25801,92,2026-03-17,Not as described
1216,25814,168,2026-03-11,Wrong size
1217,25827,162,2026-03-16,Damaged item
1218,25841,56,2026-03-06,Damaged item
1219,25884,77,2026-03-09,Changed mind
1220,25896,200,2026-03-19,Changed mind
1221,25914,48,2026-03-14,Changed mind
1222,25926,86,2026-03-13,Damaged item
1223,25931,199,2026-03-08,Damaged item
1224,25953,18,2026-03-08,Not as described
1225,25959,150,2026-03-20,Damaged item
1226,25964,8,2026-03-10,Wrong size
1227,25973,102,2026-03-15,Damaged item
1228,25976,136,2026-03-08,Changed mind
1229,25992,21,2026-03-18,Wrong size
1230,26003,86,2026-03-12,Changed mind
1231,26015,107,2026-03-11,Late delivery
1232,26033,23,2026-03-09,Late delivery
1233,26056,42,2026-03-14,Damaged item
1234,26078,115,2026-03-12,Not as described
1235,26089,152,2026-03-18,Late delivery
1236,26123,37,2026-03-16,Changed mind
1237,26161,31,2026-03-12,Late delivery
1238,26190,24,2026-03-16,Late delivery
1239,26207,126,2026-03-18,Late delivery
1240,26237,116,2026-03-13,Wrong size
1241,26252,66,2026-03-18,Not as described
1242,26263,151,2026-03-24,Changed mind
1243,26275,194,2026-03-12,Not as described
1244,26291,13,2026-03-16,Late delivery
1245,26299,121,2026-03-19,Not as described
1246,26329,160,2026-03-15,Changed mind
1247,26333,129,2026-03-13,Damaged item
1248,26345,80,2026-03-20,Wrong size
1249,26352,33,2026-03-13,Wrong size
1250,26376,16,2026-03-21,Wrong size
1251,26382,145,2026-03-15,Damaged item
1252,26401,11,2026-03-23,Damaged item
1253,26406,161,2026-03-26,Wrong size
1254,26415,3,2026-03-19,Damaged item
1255,26426,110,2026-03-17,Damaged item
1256,26511,197,2026-03-16,Changed mind
1257,26532,21,2026-03-20,Late delivery
1258,26636,120,2026-03-19,Late delivery
1259,26647,75,2026-03-25,Late delivery
1260,26662,115,2026-03-29,Damaged item
1261,26690,38,2026-03-27,Not as described
1262,26731,78,2026-03-20,Damaged item
1263,26754,150,2026-03-24,Wrong size
1264,26794,99,2026-03-18,Wrong size
1265,26805,128,2026-03-28,Not as described
1266,26815,163,2026-03-28,Changed mind
1267,26819,16,2026-03-23,Not as described
1268,26841,150,2026-03-30,Damaged item
1269,26865,66,2026-03-24,Late delivery
1270,26885,181,2026-03-26,Late delivery
1271,26886,18,2026-03-24,Changed mind
1272,26941,85,2026-03-25,Late delivery
1273,26959,86,2026-03-26,Late delivery
1274,26972,31,2026-03-23,Late delivery
1275,27031,148,2026-03-27,Changed mind
1276,27051,14,2026-03-23,Damaged item
1277,27090,72,2026-04-03,Late delivery
1278,27098,17,2026-03-31,Wrong size
1279,27104,114,2026-03-27,Late delivery
1280,27118,79,2026-03-25,Damaged item
1281,27123,68,2026-03-28,Wrong size
1282,27125,61,2026-03-24,Damaged item
1283,27135,106,2026-03-28,Damaged item
1284,27168,129,2026-03-25,Damaged item
1285,27176,142,2026-03-27,Damaged item
1286,27227,147,2026-03-26,Damaged item
1287,27237,119,2026-04-02,Changed mind
1288,27242,16,2026-03-28,Not as described
1289,27243,160,2026-03-26,Changed mind
1290,27251,73,2026-04-04,Changed mind
1291,27255,152,2026-03-27,Damaged item
1292,27296,90,2026-03-30,Not as described
1293,27334,160,2026-04-06,Damaged item
1294,27338,104,2026-04-03,Late delivery
1295,27342,52,2026-03-29,Damaged item
1296,27372,85,2026-03-30,Changed mind
1297,27503,180,2026-04-03,Damaged item
1298,27517,94,2026-03-30,Wrong size
1299,27518,6,2026-04-05,Late delivery
1300,27522,51,2026-04-05,Changed mind
1301,27561,134,2026-04-06,Damaged item
1302,27593,195,2026-03-31,Not as described
1303,27618,36,2026-04-04,Changed mind
1304,27628,128,2026-04-06,Changed mind
1305,27629,67,2026-03-28,Changed mind
1306,27643,112,2026-03-31,Changed mind
1307,27646,172,2026-03-28,Late delivery
1308,27665,100,2026-04-06,Late delivery
1309,27682,80,2026-04-07,Wrong size
1310,27764,120,2026-04-10,Wrong size
1311,27786,146,2026-04-10,Wrong size
1312,27808,89,2026-04-07,Wrong size
1313,27819,183,2026-04-05,Not as described
1314,27851,14,2026-03-31,Damaged item
1315,27857,111,2026-04-01,Not as described
1316,27882,13,2026-04-06,Wrong size
1317,27924,17,2026-04-07,Damaged item
1318,27928,192,2026-04-05,Late delivery
1319,27955,49,2026-04-10,Not as described
1320,27958,5,2026-04-02,Late delivery
1321,27967,133,2026-04-09,Wrong size
1322,28006,64,2026-04-01,Late delivery
1323,28007,41,2026-04-01,Damaged item
1324,28082,118,2026-04-11,Damaged item
1325,28088,60,2026-04-11,Not as described
1326,28099,115,2026-04-14,Wrong size
1327,28102,158,2026-04-12,Changed mind
1328,28105,152,2026-04-10,Damaged item
1329,28106,94,2026-04-13,Damaged item
1330,28108,57,2026-04-13,Wrong size
1331,28117,6,2026-04-10,Damaged item
1332,28122,45,2026-04-15,Changed mind
1333,28143,104,2026-04-09,Late delivery
1334,28146,150,2026-04-04,Wrong size
1335,28176,86,2026-04-10,Damaged item
1336,28180,32,2026-04-12,Damaged item
1337,28192,88,2026-04-05,Damaged item
1338,28228,135,2026-04-14,Late delivery
1339,28263,52,2026-04-12,Damaged item
1340,28295,10,2026-04-07,Late delivery
1341,28312,11,2026-04-18,Late delivery
1342,28347,27,2026-04-07,Not as described
1343,28355,165,2026-04-07,Changed mind
1344,28374,24,2026-04-12,Wrong size
1345,28381,75,2026-04-15,Wrong size
1346,28386,16,2026-04-10,Late delivery
1347,28390,155,2026-04-10,Damaged item
1348,28396,45,2026-04-15,Changed mind
1349,28409,27,2026-04-09,Not as described
1350,28424,135,2026-04-16,Not as described
1351,28433,113,2026-04-11,Changed mind
1352,28451,182,2026-04-15,Wrong size
1353,28464,9,2026-04-08,Not as described
1354,28470,142,2026-04-17,Damaged item
1355,28489,188,2026-04-19,Wrong size
1356,28517,83,2026-04-17,Not as described
1357,28536,22,2026-04-16,Wrong size
1358,28537,190,2026-04-09,Changed mind
1359,28579,92,2026-04-17,Not as described
1360,28598,144,2026-04-17,Late delivery
1361,28614,69,2026-04-19,Changed mind
1362,28618,99,2026-04-13,Damaged item
1363,28624,131,2026-04-16,Changed mind
1364,28644,135,2026-04-14,Wrong size
1365,28646,96,2026-04-21,Not as described
1366,28650,121,2026-04-12,Wrong size
1367,28671,193,2026-04-20,Wrong size
1368,28674,132,2026-04-14,Not as described
1369,28694,162,2026-04-13,Wrong size
1370,28703,189,2026-04-16,Changed mind
1371,28713,126,2026-04-21,Changed mind
1372,28745,155,2026-04-16,Wrong size
1373,28746,182,2026-04-14,Late delivery
1374,28800,147,2026-04-20,Wrong size
1375,28837,97,2026-04-16,Damaged item
1376,28857,108,2026-04-18,Late delivery
1377,28859,157,2026-04-21,Late delivery
1378,28873,157,2026-04-13,Damaged item
1379,28908,157,2026-04-24,Wrong size
1380,28928,12,2026-04-24,Not as described
1381,28951,48,2026-04-20,Damaged item
1382,28957,125,2026-04-21,Damaged item
1383,28967,181,2026-04-17,Late delivery
1384,28990,85,2026-04-15,Changed mind
1385,28999,125,2026-04-25,Changed mind
1386,29007,22,2026-04-18,Not as described
1387,29025,3,2026-04-17,Wrong size
1388,29074,154,2026-04-18,Damaged item
1389,29084,6,2026-04-19,Not as described
1390,29088,60,2026-04-16,Changed mind
1391,29140,98,2026-04-15,Damaged item
1392,29146,159,2026-04-23,Late delivery
1393,29147,88,2026-04-27,Not as described
1394,29158,122,2026-04-17,Not as described
1395,29161,146,2026-04-15,Not as described
1396,29166,147,2026-04-16,Changed mind
1397,29183,101,2026-04-23,Changed mind
1398,29295,17,2026-04-28,Not as described
1399,29298,18,2026-04-18,Not as described
1400,29300,76,2026-04-25,Wrong size
1401,29311,82,2026-04-18,Late delivery
1402,29336,176,2026-04-27,Changed mind
1403,29341,143,2026-04-17,Not as described
1404,29352,178,2026-04-23,Late delivery
1405,29372,69,2026-04-24,Not as described
1406,29373,193,2026-04-22,Not as described
1407,29406,53,2026-04-29,Damaged item
1408,29459,65,2026-04-20,Wrong size
1409,29484,100,2026-04-23,Damaged item
1410,29501,68,2026-04-30,Not as described
1411,29513,173,2026-04-21,Late delivery
1412,29594,162,2026-05-02,Late delivery
1413,29608,115,2026-04-21,Wrong size
1414,29609,103,2026-04-29,Changed mind
1415,29627,111,2026-04-25,Damaged item
1416,29675,17,2026-04-26,Not as described
1417,29705,46,2026-04-25,Late delivery
1418,29762,38,2026-04-29,Not as described
1419,29792,72,2026-04-25,Late delivery
1420,29807,113,2026-04-28,Damaged item
1421,29813,75,2026-04-30,Wrong size
1422,29882,38,2026-05-01,Wrong size
1423,29949,116,2026-05-03,Damaged item
1424,29999,125,2026-04-30,Not as described
1425,30040,61,2026-05-06,Late delivery
1426,30045,110,2026-04-25,Not as described
1427,30046,4,2026-05-02,Damaged item
1428,30060,87,2026-05-04,Damaged item
1429,30064,171,2026-05-05,Not as described
1430,30066,64,2026-04-26,Changed mind
1431,30090,78,2026-04-27,Not as described
1432,30131,44,2026-05-08,Not as described
1433,30138,122,2026-05-03,Wrong size
1434,30162,153,2026-05-04,Wrong size
1435,30165,61,2026-05-02,Damaged item
1436,30170,1,2026-04-28,Changed mind
1437,30200,168,2026-04-30,Not as described
1438,30205,136,2026-05-04,Changed mind
1439,30214,52,2026-05-02,Late delivery
1440,30256,74,2026-04-29,Not as described
1441,30283,181,2026-05-01,Changed mind
1442,30326,54,2026-05-01,Late delivery
1443,30346,81,2026-05-07,Wrong size
1444,30352,26,2026-04-30,Changed mind
1445,30358,24,2026-05-06,Wrong size
1446,30397,19,2026-05-10,Not as described
1447,30451,173,2026-05-06,Not as described
1448,30498,77,2026-05-05,Changed mind
1449,30531,152,2026-05-07,Damaged item
1450,30569,158,2026-05-10,Changed mind
1451,30602,117,2026-05-06,Late delivery
1452,30610,112,2026-05-13,Not as described
1453,30625,16,2026-05-11,Changed mind
1454,30629,116,2026-05-05,Damaged item
1455,30634,186,2026-05-13,Changed mind
1456,30695,87,2026-05-15,Wrong size
1457,30696,141,2026-05-06,Not as described
1458,30706,18,2026-05-04,Damaged item
1459,30707,70,2026-05-15,Late delivery
1460,30713,157,2026-05-09,Not as described
1461,30715,133,2026-05-08,Late delivery
1462,30735,84,2026-05-16,Wrong size
1463,30743,135,2026-05-13,Late delivery
1464,30746,44,2026-05-05,Wrong size
1465,30748,52,2026-05-11,Wrong size
1466,30768,108,2026-05-14,Wrong size
1467,30781,78,2026-05-06,Wrong size
1468,30797,46,2026-05-15,Wrong size
1469,30809,2,2026-05-08,Not as described
1470,30869,7,2026-05-13,Late delivery
1471,30876,105,2026-05-06,Damaged item
1472,30891,59,2026-05-10,Changed mind
1473,30896,87,2026-05-14,Damaged item
1474,30929,154,2026-05-09,Wrong size
1475,30957,77,2026-05-17,Wrong size
1476,30969,131,2026-05-18,Damaged item
1477,30972,76,2026-05-12,Damaged item
1478,30977,75,2026-05-10,Damaged item
1479,31000,87,2026-05-13,Late delivery
1480,31004,52,2026-05-10,Wrong size
1481,31019,25,2026-05-19,Wrong size
1482,31031,94,2026-05-09,Wrong size
1483,31047,109,2026-05-11,Wrong size
1484,31062,80,2026-05-11,Not as described
1485,31095,183,2026-05-12,Not as described
1486,31099,35,2026-05-11,Damaged item
1487,31106,126,2026-05-08,Damaged item
1488,31112,9,2026-05-15,Not as described
1489,31120,148,2026-05-11,Changed mind
1490,31157,108,2026-05-14,Changed mind
1491,31178,7,2026-05-17,Damaged item
1492,31203,138,2026-05-13,Changed mind
1493,31264,189,2026-05-21,Changed mind
1494,31270,31,2026-05-11,Changed mind
1495,31286,148,2026-05-14,Not as described
1496,31289,195,2026-05-17,Late delivery
1497,31302,90,2026-05-17,Not as described
1498,31315,153,2026-05-23,Not as described
1499,31319,127,2026-05-16,Changed mind
1500,31342,114,2026-05-11,Not as described
1501,31345,98,2026-05-21,Changed mind
1502,31379,56,2026-05-13,Late delivery
1503,31403,10,2026-05-18,Not as described
1504,31416,36,2026-05-19,Not as described
1505,31432,132,2026-05-15,Not as described
1506,31450,161,2026-05-19,Late delivery
1507,31463,42,2026-05-22,Damaged item
1508,31468,91,2026-05-18,Not as described
1509,31505,37,2026-05-16,Wrong size
1510,31526,13,2026-05-26,Not as described
1511,31545,28,2026-05-24,Wrong size
1512,31553,57,2026-05-19,Damaged item
1513,31579,84,2026-05-23,Not as described
1514,31645,107,2026-05-25,Wrong size
1515,31650,73,2026-05-20,Wrong size
1516,31682,46,2026-05-28,Late delivery
1517,31686,159,2026-05-22,Changed mind
1518,31701,36,2026-05-25,Changed mind
1519,31712,187,2026-05-20,Damaged item
1520,31745,157,2026-05-28,Late delivery
1521,31749,177,2026-05-26,Damaged item
1522,31750,180,2026-05-16,Damaged item
1523,31756,17,2026-05-21,Wrong size
1524,31778,49,2026-05-26,Changed mind
1525,31793,32,2026-05-28,Damaged item
1526,31822,183,2026-05-20,Not as described
1527,31829,169,2026-05-21,Changed mind
1528,31832,93,2026-05-22,Late delivery
1529,31873,194,2026-05-30,Not as described
1530,31944,71,2026-05-26,Not as described
1531,31964,188,2026-05-26,Damaged item
1532,31975,158,2026-05-31,Damaged item
1533,31977,33,2026-05-31,Wrong size
1534,31992,79,2026-05-27,Damaged item
1535,31993,11,2026-05-26,Changed mind
1536,32051,88,2026-05-21,Wrong size
1537,32068,24,2026-05-29,Not as described
1538,32083,192,2026-05-23,Changed mind
1539,32095,73,2026-05-22,Damaged item
1540,32102,55,2026-06-02,Not as described
1541,32111,178,2026-05-22,Damaged item
1542,32136,143,2026-05-29,Wrong size
1543,32144,75,2026-05-24,Damaged item
1544,32163,46,2026-05-28,Wrong size
1545,32166,60,2026-05-30,Changed mind
1546,32169,187,2026-05-26,Not as described
1547,32238,15,2026-05-29,Changed mind
1548,32266,198,2026-05-27,Damaged item
1549,32316,196,2026-05-24,Wrong size
1550,32381,94,2026-05-26,Not as described
1551,32466,73,2026-06-02,Damaged item
1552,32505,58,2026-06-01,Changed mind
1553,32523,191,2026-06-05,Late delivery
1554,32526,70,2026-06-07,Damaged item
1555,32539,147,2026-06-02,Wrong size
1556,32555,121,2026-05-31,Not as described
1557,32588,162,2026-05-30,Late delivery
1558,32600,179,2026-05-27,Changed mind
1559,32619,136,2026-05-31,Late delivery
1560,32671,56,2026-06-09,Late delivery
1561,32711,76,2026-06-04,Changed mind
1562,32725,141,2026-06-08,Late delivery
1563,32741,68,2026-05-29,Not as described
1564,32778,161,2026-06-02,Late delivery
1565,32830,192,2026-06-04,Wrong size
1566,32839,190,2026-06-02,Not as described
1567,32871,125,2026-06-03,Not as described
1568,32884,197,2026-06-01,Changed mind
1569,32915,145,2026-06-08,Changed mind
1570,32917,48,2026-06-08,Changed mind
1571,32919,66,2026-06-12,Late delivery
1572,32925,25,2026-06-07,Damaged item
1573,32965,152,2026-06-03,Not as described
1574,32969,191,2026-06-11,Late delivery
1575,32992,183,2026-06-07,Damaged item
1576,32993,48,2026-06-09,Wrong size
1577,32994,134,2026-06-10,Wrong size
1578,32995,124,2026-06-01,Not as described
1579,33021,74,2026-06-13,Late delivery
1580,33031,15,2026-06-08,Changed mind
1581,33058,124,2026-06-03,Damaged item
1582,33059,186,2026-06-03,Damaged item
1583,33063,166,2026-06-13,Changed mind
1584,33069,80,2026-06-11,Changed mind
1585,33073,93,2026-06-07,Damaged item
1586,33084,190,2026-06-15,Wrong size
1587,33093,108,2026-06-03,Damaged item
1588,33100,176,2026-06-04,Late delivery
1589,33101,92,2026-06-08,Not as described
1590,33103,45,2026-06-09,Damaged item
1591,33119,41,2026-06-12,Late delivery
1592,33152,77,2026-06-11,Changed mind
1593,33154,100,2026-06-03,Not as described
1594,33206,36,2026-06-04,Late delivery
1595,33208,114,2026-06-04,Damaged item
1596,33209,3,2026-06-06,Changed mind
1597,33225,68,2026-06-09,Changed mind
1598,33298,35,2026-06-15,Damaged item
1599,33365,130,2026-06-08,Wrong size
1600,33368,136,2026-06-08,Late delivery
1601,33382,16,2026-06-17,Changed mind
1602,33387,15,2026-06-18,Late delivery
1603,33388,65,2026-06-16,Not as described
1604,33438,40,2026-06-12,Damaged item
1605,33459,178,2026-06-17,Late delivery
1606,33468,89,2026-06-16,Late delivery
1607,33495,142,2026-06-08,Damaged item
1608,33498,107,2026-06-11,Damaged item
1609,33528,97,2026-06-19,Changed mind
1610,33544,17,2026-06-13,Wrong size
1611,33550,85,2026-06-11,Wrong size
1612,33565,190,2026-06-17,Not as described
1613,33569,6,2026-06-20,Changed mind
1614,33605,130,2026-06-19,Not as described
1615,33607,78,2026-06-21,Changed mind
1616,33661,156,2026-06-12,Not as described
1617,33671,123,2026-06-12,Late delivery
1618,33709,191,2026-06-13,Late delivery
1619,33710,197,2026-06-11,Late delivery
1620,33719,35,2026-06-17,Late delivery
1621,33762,197,2026-06-16,Wrong size
1622,33778,198,2026-06-16,Not as described
1623,33780,122,2026-06-15,Wrong size
1624,33850,112,2026-06-23,Late delivery
1625,33863,122,2026-06-22,Wrong size
1626,33921,168,2026-06-15,Wrong size
1627,33943,26,2026-06-14,Damaged item
1628,33951,140,2026-06-22,Wrong size
1629,33975,3,2026-06-18,Wrong size
1630,34029,188,2026-06-14,Not as described
1631,34053,15,2026-06-16,Changed mind
1632,34124,164,2026-06-19,Changed mind
1633,34138,110,2026-06-21,Wrong size
1634,34196,106,2026-06-16,Wrong size
1635,34257,72,2026-06-17,Not as described
1636,34259,111,2026-06-22,Wrong size
1637,34341,74,2026-06-24,Not as described
1638,34400,171,2026-06-19,Changed mind
1639,34405,25,2026-06-19,Damaged item
1640,34418,80,2026-06-30,Not as described
1641,34439,191,2026-06-22,Changed mind
1642,34447,117,2026-07-01,Changed mind
1643,34472,43,2026-07-01,Wrong size
1644,34474,173,2026-06-19,Wrong size
1645,34510,110,2026-06-28,Late delivery
1646,34538,121,2026-06-23,Not as described
1647,34542,128,2026-06-20,Damaged item
1648,34560,2,2026-06-24,Late delivery
1649,34569,26,2026-06-30,Wrong size
1650,34595,194,2026-06-24,Damaged item
1651,34605,186,2026-06-21,Damaged item
1652,34608,84,2026-06-21,Late delivery
1653,34612,87,2026-06-22,Late delivery
1654,34721,166,2026-06-29,Late delivery
1655,34722,2,2026-07-03,Damaged item
1656,34725,127,2026-06-23,Changed mind
1657,34735,137,2026-06-24,Damaged item
1658,34741,149,2026-06-28,Changed mind
1659,34742,79,2026-07-03,Changed mind
1660,34755,85,2026-06-26,Wrong size
1661,34793,196,2026-06-30,Changed mind
1662,34803,25,2026-06-24,Not as described
1663,34814,180,2026-06-27,Changed mind
1664,34820,108,2026-06-23,Not as described
1665,34826,94,2026-07-01,Changed mind
1666,34833,87,2026-06-23,Damaged item
1667,34834,63,2026-06-26,Wrong size
1668,34838,150,2026-06-30,Wrong size
1669,34853,27,2026-06-30,Late delivery
1670,34868,134,2026-06-29,Wrong size
1671,34941,150,2026-07-04,Wrong size
1672,34962,48,2026-07-03,Late delivery
1673,34977,61,2026-06-28,Not as described
1674,35021,168,2026-07-06,Late delivery
1675,35040,12,2026-06-27,Damaged item
1676,35045,200,2026-06-30,Changed mind
1677,35070,97,2026-07-03,Not as described
1678,35101,12,2026-07-07,Changed mind
1679,35102,168,2026-06-27,Damaged item
1680,35120,86,2026-07-03,Wrong size
1681,35145,74,2026-07-08,Late delivery
1682,35161,14,2026-07-01,Wrong size
1683,35197,89,2026-07-07,Wrong size
1684,35215,132,2026-06-29,Late delivery
1685,35228,161,2026-07-05,Not as described
1686,35229,171,2026-07-10,Changed mind
1687,35252,33,2026-07-04,Not as described
1688,35286,63,2026-07-09,Damaged item
1689,35287,157,2026-07-09,Late delivery
1690,35306,39,2026-07-05,Late delivery
1691,35334,9,2026-07-01,Late delivery
1692,35353,81,2026-06-30,Wrong size
1693,35365,121,2026-07-05,Changed mind
1694,35419,29,2026-07-05,Changed mind
1695,35427,180,2026-07-09,Not as described
1696,35430,160,2026-07-11,Not as described
1697,35434,121,2026-07-08,Not as described
1698,35449,188,2026-07-10,Not as described
1699,35452,132,2026-07-05,Not as described
1700,35488,108,2026-07-11,Wrong size
1701,35507,196,2026-07-06,Late delivery
1702,35509,9,2026-07-05,Damaged item
1703,35523,75,2026-07-04,Changed mind
1704,35535,47,2026-07-10,Damaged item
1705,35557,101,2026-07-05,Late delivery
1706,35560,172,2026-07-11,Damaged item
1707,35574,195,2026-07-02,Wrong size
